,City Name,Latitude,Longitude,Max Temp,Humidity,Cloudiness,Wind Speed,Country,City Date/Time
0,narsaq,60.9167,-46.05,9.12,74.0,99.0,1.37,GL,1656134939
1,namatanai,-3.6667,152.4333,29.24,69.0,63.0,5.57,PG,1656134940
2,vaini,-21.2,-175.2,23.09,73.0,20.0,4.12,TO,1656134941
3,keetmanshoop,-26.5833,18.1333,4.7,83.0,0.0,1.04,NA,1656134941
4,lompoc,34.6391,-120.4579,18.08,95.0,0.0,3.09,US,1656134942
5,bluff,-46.6,168.3333,9.89,90.0,99.0,3.33,NZ,1656134873
6,huilong,31.8111,121.655,31.03,62.0,53.0,4.07,CN,1656134944
7,kyren,51.6828,102.1408,22.21,61.0,36.0,3.68,RU,1656134945
8,puerto ayora,-0.7393,-90.3518,21.42,96.0,73.0,1.79,EC,1656134945
9,ribeira grande,38.5167,-28.7,18.35,74.0,67.0,4.68,PT,1656134946
10,caravelas,-17.7125,-39.2481,20.9,93.0,0.0,0.81,BR,1656134947
11,klaksvik,62.2266,-6.589,8.51,99.0,100.0,7.28,FO,1656134948
12,alta floresta,-9.8756,-56.0861,20.83,63.0,26.0,1.74,BR,1656134949
13,puno,-15.8333,-70.0333,4.0,74.0,9.0,2.27,PE,1656134950
14,grand river south east,,,,,,,,
15,mar del plata,-38.0023,-57.5575,4.49,88.0,75.0,3.58,AR,1656134951
16,yellowknife,62.456,-114.3525,20.29,45.0,75.0,2.06,CA,1656134708
17,kaitangata,-46.2817,169.8464,9.74,90.0,100.0,1.87,NZ,1656134953
18,tumannyy,,,,,,,,
19,busselton,-33.65,115.3333,15.71,64.0,80.0,2.16,AU,1656134954
20,rio gallegos,-51.6226,-69.2181,1.03,86.0,20.0,5.14,AR,1656134955
21,presidencia roque saenz pena,-26.7852,-60.4388,12.57,85.0,100.0,3.12,AR,1656134956
22,hermanus,-34.4187,19.2345,11.01,76.0,4.0,2.01,ZA,1656134957
23,nelson bay,-32.7167,152.15,21.11,57.0,1.0,3.13,AU,1656134957
24,olafsvik,64.8945,-23.7142,7.55,64.0,3.0,3.54,IS,1656134958
25,ngukurr,,,,,,,,
26,ushuaia,-54.8,-68.3,3.25,98.0,97.0,2.01,AR,1656134961
27,barrow,71.2906,-156.7887,7.01,81.0,100.0,3.6,US,1656134962
28,larap,14.299,122.6504,30.08,75.0,16.0,2.04,PH,1656134963
29,avarua,-21.2078,-159.775,21.03,83.0,75.0,2.57,CK,1656134964
30,attawapiskat,,,,,,,,
31,hobart,-42.8794,147.3294,14.03,62.0,75.0,6.69,AU,1656134781
32,belushya guba,,,,,,,,
33,bambous virieux,-20.3428,57.7575,22.14,60.0,75.0,7.2,MU,1656134966
34,cape town,-33.9258,18.4232,12.73,81.0,0.0,1.03,ZA,1656134873
35,kasempa,-13.4584,25.8338,8.92,77.0,2.0,2.21,ZM,1656134968
36,rikitea,-23.1203,-134.9692,24.08,78.0,53.0,3.31,PF,1656134958
37,ternate,0.8,127.4,28.76,69.0,93.0,2.32,ID,1656134969
38,lebu,-37.6167,-73.65,9.36,89.0,100.0,2.08,CL,1656134970
39,kiunga,-6.1219,141.2906,27.8,84.0,88.0,1.01,PG,1656134971
40,castro,-24.7911,-50.0119,13.24,85.0,1.0,0.66,BR,1656134972
41,mogok,22.9167,96.5,24.42,77.0,97.0,0.76,MM,1656134973
42,quimper,48.0,-4.1,12.31,87.0,72.0,1.54,FR,1656134973
43,barentsburg,,,,,,,,
44,iberia,29.9502,-91.7507,29.04,83.0,0.0,0.0,US,1656134975
45,chuy,-33.6971,-53.4616,8.34,79.0,100.0,4.13,UY,1656134976
46,paamiut,61.994,-49.6678,4.55,85.0,100.0,2.84,GL,1656134977
47,sitka,57.0531,-135.33,15.94,77.0,20.0,0.0,US,1656134977
48,kota kinabalu,5.9749,116.0724,31.99,74.0,20.0,2.06,MY,1656134978
49,iqaluit,63.7506,-68.5145,3.85,93.0,100.0,2.06,CA,1656134979
50,chingirlau,51.095,54.0814,23.96,66.0,48.0,2.93,KZ,1656134980
51,mount gambier,-37.8333,140.7667,14.39,70.0,48.0,5.23,AU,1656134981
52,port alfred,-33.5906,26.891,12.33,77.0,26.0,5.68,ZA,1656134982
53,esperance,-33.8667,121.9,15.94,59.0,7.0,4.44,AU,1656134982
54,lata,40.1629,-8.3327,15.6,95.0,100.0,2.23,PT,1656134983
55,provideniya,64.3833,-173.3,6.61,94.0,100.0,3.79,RU,1656134984
56,nizhneyansk,,,,,,,,
57,punta arenas,-53.15,-70.9167,5.06,81.0,40.0,10.8,CL,1656134986
58,uri,34.0833,74.0333,29.34,35.0,0.0,1.7,IN,1656134986
59,itaueira,-7.6033,-43.0256,21.66,67.0,25.0,2.47,BR,1656134987
60,iskateley,67.6803,53.1512,7.72,68.0,100.0,7.41,RU,1656134988
61,illoqqortoormiut,,,,,,,,
62,saint anthony,45.0205,-93.218,26.14,63.0,0.0,4.12,US,1656134990
63,amlagora,22.8333,87.3333,33.82,52.0,96.0,4.84,IN,1656134990
64,atuona,-9.8,-139.0333,25.64,72.0,32.0,8.29,PF,1656134808
65,rio verde de mato grosso,-18.9181,-54.8442,21.03,41.0,3.0,1.72,BR,1656134992
66,east london,-33.0153,27.9116,11.52,76.0,0.0,5.14,ZA,1656134993
67,linjiang,41.8069,126.9078,27.83,44.0,96.0,4.88,CN,1656134994
68,iquitos,-3.7481,-73.2472,23.02,94.0,100.0,2.06,PE,1656134698
69,albany,42.6001,-73.9662,18.18,82.0,23.0,1.9,US,1656134995
70,caraquet,47.7941,-64.9386,11.3,98.0,8.0,1.66,CA,1656134963
71,grand gaube,-20.0064,57.6608,22.22,60.0,37.0,3.13,MU,1656134996
72,cherskiy,68.75,161.3,13.01,33.0,62.0,2.57,RU,1656134997
73,santa maria,-29.6842,-53.8069,12.44,97.0,100.0,3.36,BR,1656134998
74,forestville,38.8451,-76.875,21.38,91.0,0.0,0.0,US,1656134914
75,nikolskoye,59.7035,30.7861,21.56,55.0,1.0,1.33,RU,1656135000
76,bilibino,68.0546,166.4372,15.08,34.0,100.0,2.02,RU,1656135000
77,san cristobal,7.7669,-72.225,21.1,99.0,100.0,1.63,VE,1656135001
78,holly hill,29.2436,-81.0376,26.72,90.0,100.0,1.34,US,1656134772
79,burgos,42.3394,-3.7079,13.23,76.0,100.0,2.57,ES,1656135003
80,bur gabo,,,,,,,,
81,kodiak,57.79,-152.4072,12.73,88.0,100.0,2.06,US,1656134772
82,atambua,-9.1061,124.8925,26.84,64.0,73.0,1.74,ID,1656135006
83,mount isa,-20.7333,139.5,25.87,29.0,86.0,4.63,AU,1656135006
84,kodinsk,58.6881,99.1844,17.34,88.0,100.0,3.96,RU,1656135007
85,hilo,19.7297,-155.09,25.16,84.0,75.0,2.57,US,1656135008
86,deputatskiy,69.3,139.9,11.47,65.0,100.0,5.73,RU,1656135009
87,noumea,-22.2763,166.4572,24.44,99.0,70.0,5.95,NC,1656135010
88,cidreira,-30.1811,-50.2056,15.82,93.0,100.0,6.99,BR,1656135011
89,tazovskiy,67.4667,78.7,17.46,48.0,16.0,7.16,RU,1656135012
90,naze,28.3667,129.4833,29.51,77.0,100.0,4.1,JP,1656135012
91,samusu,,,,,,,,
92,new norfolk,-42.7826,147.0587,13.84,78.0,51.0,1.34,AU,1656135014
93,bredasdorp,-34.5322,20.0403,7.58,85.0,2.0,1.83,ZA,1656135015
94,biswan,27.5,81.0,40.1,31.0,47.0,4.7,IN,1656135016
95,mandeville,18.0417,-77.5071,20.03,91.0,52.0,0.88,JM,1656134828
96,jamestown,42.097,-79.2353,13.34,88.0,31.0,0.98,US,1656135017
97,mataura,-46.1927,168.8643,9.71,99.0,100.0,0.67,NZ,1656135018
98,isangel,-19.55,169.2667,24.91,83.0,72.0,3.45,VU,1656135019
99,henties bay,-22.116,14.2845,15.28,41.0,0.0,2.96,NA,1656135020
100,port pirie,-33.1833,138.0167,15.79,48.0,0.0,2.14,AU,1656135021
101,pervomayskiy,53.2485,40.2871,20.12,65.0,29.0,4.39,RU,1656135022
102,banjar,-8.19,114.9675,27.93,75.0,87.0,1.48,ID,1656135023
103,sheregesh,52.9209,87.9869,25.09,42.0,37.0,2.79,RU,1656135023
104,chernaya kholunitsa,58.8511,51.7154,19.91,50.0,7.0,4.53,RU,1656135025
105,kapaa,22.0752,-159.319,26.99,84.0,75.0,5.14,US,1656135026
106,clarence town,-32.5833,151.7833,21.03,54.0,0.0,3.0,AU,1656135027
107,coahuayana,18.7333,-103.6833,23.15,92.0,100.0,1.35,MX,1656135027
108,pasvalys,56.0594,24.4036,20.97,78.0,34.0,2.02,LT,1656135028
109,tinskoy,56.1525,96.9161,21.37,64.0,69.0,4.78,RU,1656135029
110,marawi,7.9986,124.2928,23.87,90.0,99.0,1.57,PH,1656135030
111,bilma,18.6853,12.9164,31.19,14.0,46.0,2.46,NE,1656135031
112,mitchell,43.7094,-98.0298,21.99,78.0,75.0,5.14,US,1656135032
113,luderitz,-26.6481,15.1594,12.55,68.0,0.0,3.84,NA,1656135032
114,bethel,41.3712,-73.414,19.29,93.0,0.0,0.0,US,1656135033
115,rio grande,-32.035,-52.0986,9.97,84.0,100.0,7.02,BR,1656135034
116,taolanaro,,,,,,,,
117,manggar,-2.8833,108.2667,27.27,76.0,98.0,2.93,ID,1656135036
118,kinsale,51.7075,-8.5306,9.02,93.0,40.0,5.14,IE,1656135036
119,vicuna,-30.0319,-70.7081,6.85,29.0,100.0,1.99,CL,1656135037
120,tual,-5.6667,132.75,27.04,81.0,85.0,6.82,ID,1656135038
121,pisco,-13.7,-76.2167,16.03,82.0,16.0,1.03,PE,1656135039
122,keti bandar,24.1447,67.4497,30.68,70.0,54.0,9.09,PK,1656135040
123,guarapari,-20.6667,-40.4975,20.5,89.0,19.0,2.76,BR,1656135041
124,camopi,3.1655,-52.3158,21.21,99.0,76.0,0.61,GF,1656135041
125,tuktoyaktuk,69.4541,-133.0374,5.0,81.0,75.0,2.06,CA,1656135042
126,margate,51.3813,1.3862,14.61,84.0,100.0,0.89,GB,1656134755
127,kenai,60.5544,-151.2583,17.79,84.0,20.0,7.2,US,1656135044
128,pemberton,50.3164,-122.8027,16.56,66.0,53.0,0.95,CA,1656135045
129,hithadhoo,-0.6,73.0833,28.01,71.0,94.0,4.81,MV,1656135045
130,faya,18.3851,42.4509,22.06,34.0,70.0,0.75,SA,1656135046
131,broome,42.2506,-75.833,18.67,82.0,75.0,0.44,US,1656135047
132,guerrero negro,27.9769,-114.0611,20.38,77.0,0.0,6.25,MX,1656135048
133,karkaralinsk,,,,,,,,
134,tabou,4.423,-7.3528,23.81,89.0,70.0,1.32,CI,1656135049
135,kloulklubed,7.0419,134.2556,26.28,73.0,93.0,4.66,PW,1656135050
136,yegorlykskaya,46.5656,40.6562,17.6,91.0,100.0,1.8,RU,1656135051
137,northam,51.0333,-4.2167,11.33,92.0,24.0,6.02,GB,1656135052
138,alofi,-19.0595,-169.9187,23.94,73.0,91.0,5.14,NU,1656135053
139,port blair,11.6667,92.75,24.02,100.0,100.0,4.12,IN,1656135054
140,vardo,70.3705,31.1107,8.77,81.0,82.0,2.08,NO,1656135054
141,domoni,-12.2569,44.5319,24.7,72.0,91.0,7.45,KM,1656135055
142,la ronge,55.1001,-105.2842,10.14,81.0,75.0,3.6,CA,1656135015
143,majene,-3.5403,118.9707,28.86,69.0,59.0,1.48,ID,1656135051
144,qaanaaq,77.484,-69.3632,0.41,77.0,11.0,0.78,GL,1656135057
145,langxiang,46.95,128.8833,16.94,97.0,100.0,0.92,CN,1656135058
146,brigantine,39.4101,-74.3646,20.56,92.0,0.0,1.54,US,1656135059
147,dikson,73.5069,80.5464,0.18,92.0,100.0,8.23,RU,1656135060
148,yulara,-25.2406,130.9889,21.23,25.0,99.0,5.42,AU,1656135061
149,tasiilaq,65.6145,-37.6368,3.09,73.0,83.0,2.5,GL,1656135062
150,la palma,33.8464,-118.0467,26.73,81.0,0.0,3.6,US,1656135062
151,drabiv,49.963,32.1529,16.77,90.0,98.0,4.38,UA,1656135063
152,torbay,47.6666,-52.7314,17.71,93.0,20.0,6.17,CA,1656135064
153,ahipara,-35.1667,173.1667,14.77,90.0,68.0,3.41,NZ,1656134805
154,clervaux,50.0547,6.0314,15.02,96.0,31.0,2.83,LU,1656135066
155,lokosovo,61.1333,74.8167,20.11,43.0,66.0,4.3,RU,1656135066
156,comodoro rivadavia,-45.8667,-67.5,3.92,48.0,0.0,2.57,AR,1656135067
157,dubenskiy,,,,,,,,
158,santa lucia,27.9117,-15.5407,16.62,68.0,40.0,7.2,ES,1656135069
159,marienburg,54.0359,19.0266,22.16,65.0,13.0,4.41,PL,1656135070
160,college,64.8569,-147.8028,22.99,47.0,75.0,1.54,US,1656135071
161,saint george,37.1041,-113.5841,28.33,25.0,0.0,3.6,US,1656135071
162,norman wells,65.282,-126.8329,16.02,72.0,100.0,1.54,CA,1656135072
163,qaqortoq,60.7167,-46.0333,6.06,76.0,100.0,0.63,GL,1656135073
164,chokurdakh,70.6333,147.9167,11.91,27.0,97.0,5.33,RU,1656135074
165,sentyabrskiy,,,,,,,,
166,paralimni,35.0375,33.9833,25.49,66.0,45.0,4.47,CY,1656135075
167,agadez,19.75,10.25,27.89,12.0,47.0,2.68,NE,1656135076
168,ponta do sol,32.6667,-17.1,19.45,73.0,35.0,2.82,PT,1656135077
169,arraial do cabo,-22.9661,-42.0278,19.8,76.0,8.0,2.34,BR,1656135078
170,itoman,26.1247,127.6694,32.21,80.0,75.0,4.63,JP,1656135079
171,salalah,17.0151,54.0924,29.05,84.0,75.0,3.09,OM,1656135080
172,los llanos de aridane,28.6585,-17.9182,18.86,81.0,75.0,7.2,ES,1656135080
173,port-gentil,-0.7193,8.7815,22.25,84.0,52.0,5.03,GA,1656135081
174,upernavik,72.7868,-56.1549,1.98,82.0,100.0,5.19,GL,1656135082
175,cortez,37.3489,-108.5859,17.05,59.0,0.0,2.06,US,1656135084
176,thompson,55.7435,-97.8558,13.09,62.0,75.0,2.06,CA,1656134794
177,ishinomaki,38.4167,141.3,31.0,66.0,9.0,4.75,JP,1656135085
178,giyani,-23.3025,30.7187,16.19,81.0,58.0,4.88,ZA,1656135086
179,mys shmidta,,,,,,,,
180,tsihombe,,,,,,,,
181,skagastrond,,,,,,,,
182,mitchelstown,52.2658,-8.2681,8.87,93.0,100.0,5.66,IE,1656135089
183,khatanga,71.9667,102.5,10.71,55.0,83.0,8.4,RU,1656135090
184,waingapu,-9.6567,120.2641,28.16,71.0,100.0,5.71,ID,1656135090
185,fortuna,40.5982,-124.1573,12.59,87.0,0.0,0.0,US,1656135091
186,ust-tsilma,65.441,52.1498,11.88,55.0,90.0,6.27,RU,1656135092
187,kazalinsk,,,,,,,,
188,souillac,-20.5167,57.5167,22.21,60.0,75.0,7.2,MU,1656135094
189,itaituba,-4.2761,-55.9836,22.14,81.0,47.0,0.58,BR,1656135094
190,cabo san lucas,22.8909,-109.9124,27.01,67.0,86.0,0.45,MX,1656135095
191,saskylakh,71.9167,114.0833,5.58,83.0,100.0,8.11,RU,1656135096
192,amderma,,,,,,,,
193,shache,38.4167,77.2406,34.58,12.0,1.0,6.59,CN,1656135098
194,sanchazi,42.0817,126.6003,24.6,59.0,80.0,3.12,CN,1656135098
195,lugovoy,42.9472,72.7644,30.86,33.0,0.0,4.01,KZ,1656135099
196,ginir,7.1333,40.7,17.67,64.0,37.0,4.58,ET,1656135100
197,bengkulu,-3.8004,102.2655,26.76,84.0,57.0,5.65,ID,1656135101
198,kamenskoye,,,,,,,,
199,rovenki,48.0833,39.3776,20.13,61.0,82.0,3.39,UA,1656135102
200,sao filipe,14.8961,-24.4956,25.11,76.0,59.0,5.29,CV,1656135103
201,butaritari,3.0707,172.7902,28.1,74.0,43.0,8.16,KI,1656135104
202,sakakah,29.9697,40.2064,30.76,21.0,0.0,4.26,SA,1656135105
203,aksarka,66.5606,67.7975,14.44,70.0,99.0,9.53,RU,1656135106
204,marzuq,14.4,46.4667,28.14,39.0,95.0,2.23,YE,1656135107
205,kristiansund,63.1115,7.732,23.36,35.0,50.0,2.57,NO,1656135107
206,pevek,69.7008,170.3133,6.5,61.0,88.0,4.27,RU,1656135108
207,saldanha,-33.0117,17.9442,5.03,81.0,0.0,2.96,ZA,1656135109
208,jiangkou,25.4872,119.1986,29.72,74.0,95.0,3.64,CN,1656135110
209,kamenka,51.3223,42.7678,17.62,80.0,94.0,4.66,RU,1656135111
210,mecca,21.4267,39.8261,34.87,22.0,59.0,2.01,SA,1656135112
211,yerbogachen,61.2767,108.0108,25.08,44.0,86.0,4.19,RU,1656135112
212,faanui,-16.4833,-151.75,26.31,73.0,50.0,4.5,PF,1656135113
213,cabedelo,-6.9811,-34.8339,21.37,83.0,65.0,5.26,BR,1656135114
214,bazarnyy karabulak,52.2683,46.4144,21.37,58.0,72.0,7.23,RU,1656135115
215,cedar city,37.6775,-113.0619,21.54,23.0,0.0,3.09,US,1656134949
216,grindavik,63.8424,-22.4338,6.97,81.0,4.0,4.12,IS,1656135116
217,elizabeth city,36.2946,-76.2511,19.01,94.0,0.0,0.0,US,1656135117
218,sambava,-14.2667,50.1667,22.04,79.0,94.0,6.9,MG,1656135118
219,flin flon,54.7682,-101.865,9.58,81.0,99.0,5.37,CA,1656135119
220,phalia,32.4297,73.5775,39.92,14.0,0.0,1.28,PK,1656135120
221,nyazepetrovsk,56.0531,59.6028,20.8,50.0,3.0,3.66,RU,1656135121
222,birin,26.8865,88.0718,21.03,87.0,89.0,2.21,NP,1656135121
223,yar-sale,66.8333,70.8333,15.0,61.0,57.0,10.94,RU,1656135122
224,salamiyah,35.0113,37.0532,25.37,54.0,25.0,6.08,SY,1656135123
225,saint-philippe,-21.3585,55.7679,21.77,74.0,56.0,5.94,RE,1656135124
226,marshalltown,42.0494,-92.908,23.02,83.0,100.0,5.66,US,1656135125
227,karratha,-20.7377,116.8463,27.87,20.0,0.0,7.13,AU,1656135126
228,hirara,24.8,125.2833,31.92,74.0,75.0,5.66,JP,1656135127
229,aranos,-24.1333,19.1167,2.27,71.0,0.0,3.25,NA,1656135128
230,hamilton,39.1834,-84.5333,20.49,83.0,0.0,2.06,US,1656135045
231,carnarvon,-24.8667,113.6333,24.75,37.0,0.0,4.83,AU,1656135129
232,ambon,-3.6954,128.1814,25.08,94.0,40.0,2.57,ID,1656135130
233,kavieng,-2.5744,150.7967,29.57,69.0,90.0,6.98,PG,1656135131
234,belyy yar,53.6039,91.3903,26.03,44.0,0.0,3.0,RU,1656135132
235,alice springs,-23.7,133.8833,20.75,23.0,81.0,5.14,AU,1656135133
236,lagoa,39.05,-27.9833,17.48,79.0,100.0,5.92,PT,1656135133
237,awbari,26.5921,12.7805,28.84,17.0,0.0,4.13,LY,1656135134
238,korla,41.7597,86.1469,31.58,22.0,96.0,2.73,CN,1656135135
239,sinazongwe,-17.2614,27.4618,17.0,62.0,0.0,1.37,ZM,1656135136
240,honiara,-9.4333,159.95,28.43,75.0,96.0,3.65,SB,1656135137
241,sydney,-33.8679,151.2073,21.29,51.0,0.0,6.69,AU,1656134556
242,pacific grove,36.6177,-121.9166,14.02,91.0,100.0,2.24,US,1656135138
243,palu,-0.8917,119.8707,30.06,73.0,75.0,2.03,ID,1656135139
244,port hedland,-20.3167,118.5667,29.03,16.0,0.0,6.69,AU,1656135140
245,kasongo-lunda,-6.4667,16.8167,20.9,63.0,9.0,0.62,CD,1656135141
246,narrabri,-30.3167,149.7833,18.62,47.0,59.0,0.89,AU,1656135142
247,victoria,22.2855,114.1577,33.03,67.0,100.0,7.15,HK,1656134935
248,bonthe,7.5264,-12.505,23.97,90.0,100.0,1.84,SL,1656135143
249,soloneshnoye,51.6544,84.3197,25.63,51.0,33.0,1.97,RU,1656135144
250,atagay,55.1033,99.3875,24.03,43.0,28.0,4.79,RU,1656135145
251,ancud,-41.8697,-73.8203,3.12,77.0,2.0,4.25,CL,1656135146
252,bathsheba,13.2167,-59.5167,27.34,78.0,40.0,8.23,BB,1656135147
253,pasighat,28.0667,95.3333,24.76,99.0,100.0,1.28,IN,1656135147
254,aklavik,68.2191,-135.0107,13.94,52.0,73.0,2.06,CA,1656135148
255,batemans bay,-35.7167,150.1833,16.08,53.0,0.0,1.13,AU,1656135149
256,georgetown,5.4112,100.3354,31.96,70.0,20.0,3.6,MY,1656135111
257,comarapa,-17.9,-64.4833,11.77,90.0,57.0,0.88,BO,1656135151
258,padang,-0.9492,100.3543,29.03,66.0,98.0,0.98,ID,1656135151
259,mahebourg,-20.4081,57.7,22.16,60.0,75.0,7.2,MU,1656135152
260,namibe,-15.1961,12.1522,19.29,55.0,0.0,2.69,AO,1656135153
261,airai,-8.9266,125.4092,19.2,74.0,81.0,2.04,TL,1656135154
262,ixtapa,20.7,-105.2,26.57,89.0,100.0,0.0,MX,1656135105
263,lao cai,22.4833,103.95,32.8,63.0,92.0,1.34,VN,1656135156
264,vocklabruck,48.0167,13.65,16.07,91.0,100.0,1.58,AT,1656135156
265,monroe,43.1501,-77.6831,18.6,82.0,0.0,2.06,US,1656135023
266,filadelfia,39.9523,-75.1638,22.06,88.0,0.0,2.06,US,1656135142
267,orissaare,58.5592,23.0826,21.65,76.0,17.0,4.06,EE,1656135159
268,sinnamary,5.3833,-52.95,24.24,90.0,75.0,3.19,GF,1656135159
269,nemuro,43.3236,145.575,16.86,93.0,53.0,3.85,JP,1656135160
270,ende,-8.8432,121.6623,26.25,87.0,72.0,3.12,ID,1656135161
271,raton,36.9034,-104.4391,21.7,46.0,100.0,3.09,US,1656135162
272,dongsheng,39.8161,109.9776,32.8,14.0,98.0,5.97,CN,1656135163
273,sao felix do xingu,-6.6447,-51.995,21.29,84.0,78.0,0.7,BR,1656135111
274,meyungs,,,,,,,,
275,maghama,,,,,,,,
276,fare,-16.7,-151.0167,26.16,74.0,58.0,3.99,PF,1656135165
277,riyadh,24.6877,46.7219,36.08,14.0,43.0,3.48,SA,1656135121
278,port lincoln,-34.7333,135.8667,15.87,63.0,57.0,7.04,AU,1656134922
279,santa isabel do rio negro,-0.4139,-65.0192,21.99,99.0,100.0,0.87,BR,1656135167
280,bolsheustikinskoye,,,,,,,,
281,ahuimanu,21.4447,-157.8378,26.84,72.0,75.0,7.72,US,1656135169
282,kruisfontein,-34.0033,24.7314,8.64,80.0,1.0,2.97,ZA,1656135170
283,sataua,,,,,,,,
284,xifeng,42.7372,124.7222,26.1,65.0,35.0,2.37,CN,1656135171
285,sedelnikovo,,,,,,,,
286,paragominas,-2.9667,-47.4833,22.48,87.0,53.0,1.4,BR,1656135173
287,hasaki,35.7333,140.8333,36.27,74.0,1.0,10.7,JP,1656135173
288,khasan,42.4308,130.6434,21.15,76.0,99.0,2.7,RU,1656135174
289,sungaipenuh,-2.0833,101.3833,21.07,83.0,98.0,0.59,ID,1656135175
290,camacha,33.0833,-16.3333,17.68,68.0,40.0,5.66,PT,1656135176
291,lorengau,-2.0226,147.2712,29.05,75.0,92.0,5.44,PG,1656135177
292,viligili,,,,,,,,
293,yingshang,,,,,,,,
294,marica,-22.9194,-42.8186,18.97,81.0,4.0,2.28,BR,1656135031
295,hosbach,50.0,9.2,19.5,92.0,33.0,1.54,DE,1656135180
296,sorland,67.667,12.6934,8.92,90.0,3.0,6.36,NO,1656135180
297,cervo,43.6702,-7.4101,13.31,84.0,87.0,5.03,ES,1656135181
298,flinders,-34.5833,150.8552,20.1,50.0,1.0,3.13,AU,1656135182
299,jackson,42.4165,-122.8345,23.93,54.0,0.0,2.57,US,1656135183
300,umzimvubu,,,,,,,,
301,codrington,-38.2667,141.9667,14.69,71.0,23.0,7.04,AU,1656134894
302,lolua,,,,,,,,
303,kahului,20.8947,-156.47,26.01,75.0,40.0,5.14,US,1656135186
304,hashtrud,37.4779,47.0508,24.67,24.0,0.0,2.09,IR,1656135187
305,pangody,65.85,74.4859,21.78,60.0,46.0,4.63,RU,1656135187
306,dingle,10.9995,122.6711,31.15,65.0,19.0,1.16,PH,1656135188
307,scottsburgh,,,,,,,,
308,svetlaya,46.5389,138.3297,15.15,86.0,88.0,2.39,RU,1656135190
309,don benito,38.9563,-5.8616,14.03,82.0,7.0,2.35,ES,1656135191
310,marondera,-18.1853,31.5519,11.35,65.0,12.0,1.57,ZW,1656135192
311,usolye,59.4268,56.6808,17.17,72.0,84.0,4.78,RU,1656135192
312,ambilobe,-13.2,49.05,25.75,43.0,70.0,4.5,MG,1656135193
313,urdzhar,,,,,,,,
314,fortuna foothills,32.6578,-114.4119,34.05,42.0,0.0,1.54,US,1656135195
315,prado,-17.3411,-39.2208,20.72,91.0,7.0,0.51,BR,1656135196
316,mergui,,,,,,,,
317,kaliua,-5.0606,31.7936,19.76,54.0,55.0,4.46,TZ,1656135197
318,ust-nera,64.5667,143.2,21.64,31.0,66.0,3.28,RU,1656135198
319,piraquara,-25.4417,-49.0633,14.06,81.0,7.0,0.51,BR,1656135199
320,broken hill,-31.95,141.4333,16.56,57.0,34.0,2.73,AU,1656135125
321,saleaula,,,,,,,,
322,yushan,31.3776,120.9543,34.99,45.0,59.0,4.81,CN,1656135201
323,dalen,52.6992,6.7556,18.37,88.0,17.0,3.13,NL,1656135202
324,boksitogorsk,59.474,33.8485,23.11,52.0,2.0,1.47,RU,1656135202
325,magalia,39.8121,-121.5783,26.75,31.0,0.0,0.89,US,1656135203
326,lasa,46.6166,10.7002,13.16,67.0,4.0,1.14,IT,1656135204
327,itarema,-2.9248,-39.9167,23.44,87.0,22.0,3.94,BR,1656135205
328,kochki,54.3358,80.4806,27.14,57.0,44.0,6.56,RU,1656135206
329,wanning,18.8003,110.3967,31.65,62.0,44.0,5.86,CN,1656135207
330,kalmunai,7.4167,81.8167,33.47,48.0,100.0,2.2,LK,1656135207
331,bowling green,36.9903,-86.4436,23.96,64.0,0.0,0.0,US,1656135107
332,cairns,-16.9167,145.7667,26.97,61.0,56.0,8.75,AU,1656134984
333,ouadda,8.0777,22.4007,20.79,91.0,100.0,1.32,CF,1656135209
334,utiroa,,,,,,,,
335,sept-iles,50.2001,-66.3821,13.36,98.0,100.0,1.54,CA,1656135211
336,vaitupu,,,,,,,,
337,karakendzha,,,,,,,,
338,ayr,55.4627,-4.6339,13.51,76.0,40.0,6.17,GB,1656135213
339,khonuu,,,,,,,,
340,wittlich,49.9833,6.8833,17.12,92.0,20.0,1.54,DE,1656135214
341,hofn,64.2539,-15.2082,7.31,61.0,100.0,9.05,IS,1656135215
342,vila velha,-20.3297,-40.2925,20.53,94.0,0.0,1.03,BR,1656135013
343,portlethen,57.0547,-2.1307,15.43,92.0,40.0,6.69,GB,1656135217
344,kugulta,45.3636,42.3889,15.32,92.0,100.0,4.16,RU,1656135218
345,lulea,65.5842,22.1547,17.04,82.0,0.0,3.6,SE,1656135219
346,cayenne,4.9333,-52.3333,25.61,1.0,0.0,1.03,GF,1656135005
347,oranjemund,-28.55,16.4333,12.05,75.0,0.0,3.62,NA,1656135220
348,crystal beach,42.8699,-79.0583,19.26,84.0,42.0,2.35,CA,1656135221
349,zhigansk,66.7697,123.3711,29.22,23.0,30.0,9.31,RU,1656135222
350,tucupita,9.0622,-62.051,22.33,99.0,37.0,1.14,VE,1656135223
351,haibowan,,,,,,,,
352,mascote,-15.5631,-39.3025,18.12,99.0,29.0,1.05,BR,1656135224
353,khormuj,,,,,,,,
354,morris,40.8334,-74.5329,21.78,85.0,0.0,0.0,US,1656135184
355,galiwinku,,,,,,,,
356,khuzhir,53.1939,107.3397,13.34,78.0,49.0,3.69,RU,1656135227
357,burica,,,,,,,,
358,tawkar,,,,,,,,
359,meadow lake,34.8014,-106.5436,23.0,51.0,99.0,2.24,US,1656135229
360,narasannapeta,18.4167,84.05,32.15,57.0,100.0,5.44,IN,1656135230
361,srednekolymsk,67.45,153.6833,17.07,27.0,82.0,5.5,RU,1656135230
362,akyab,20.15,92.9,28.77,76.0,95.0,4.75,MM,1656135231
363,doka,13.5167,35.7667,24.21,68.0,100.0,4.38,SD,1656135232
364,vila franca do campo,37.7167,-25.4333,17.89,88.0,19.0,2.29,PT,1656135233
365,balkhash,46.844,74.9804,34.34,21.0,0.0,3.0,KZ,1656135234
366,black river,18.0264,-77.8487,24.89,85.0,45.0,1.22,JM,1656135235
367,ohara,35.25,140.3833,27.92,82.0,31.0,10.14,JP,1656135235
368,pitsunda,43.1592,40.3378,20.1,66.0,87.0,1.3,GE,1656135236
369,mrirt,,,,,,,,
370,coquimbo,-29.9533,-71.3436,10.85,81.0,0.0,3.09,CL,1656135238
371,suba,10.8438,121.0102,29.18,65.0,35.0,0.69,PH,1656135239
372,gimli,50.6336,-96.9907,18.01,100.0,100.0,1.54,CA,1656135239
373,chiredzi,-21.05,31.6667,16.76,73.0,0.0,2.4,ZW,1656135240
374,komsomolskiy,40.4272,71.7189,32.4,27.0,0.0,3.09,UZ,1656135241
375,lincoln,40.8,-96.667,25.08,90.0,58.0,2.24,US,1656134984
376,port augusta,-32.5,137.7667,17.06,43.0,0.0,3.93,AU,1656135243
377,kismayo,-0.3582,42.5454,26.6,67.0,69.0,7.09,SO,1656135243
378,ngaoundere,7.3167,13.5833,18.92,90.0,98.0,1.0,CM,1656135244
379,katsuura,35.1333,140.3,28.01,84.0,32.0,10.96,JP,1656135245
380,avera,33.194,-82.5271,26.03,76.0,50.0,2.9,US,1656135246
381,tapaua,,,,,,,,
382,arlit,18.7369,7.3853,32.13,9.0,33.0,4.05,NE,1656135247
383,shenjiamen,29.9576,122.298,25.47,88.0,59.0,6.42,CN,1656135248
384,birzai,56.2,24.75,21.23,75.0,40.0,2.04,LT,1656135249
385,guangshui,31.6199,113.9978,32.13,64.0,69.0,6.73,CN,1656135250
386,qui nhon,13.7667,109.2333,30.07,65.0,100.0,5.27,VN,1656135251
387,ilulissat,69.2167,-51.1,9.01,53.0,20.0,5.14,GL,1656135252
388,suntar,62.1444,117.6319,32.99,21.0,10.0,4.73,RU,1656135253
389,marsh harbour,26.5412,-77.0636,26.83,75.0,63.0,3.74,BS,1656135253
390,bijawar,24.6333,79.5,39.01,16.0,29.0,2.6,IN,1656135254
391,bibiani,6.4635,-2.3194,20.4,100.0,85.0,0.67,GH,1656135056
392,mahibadhoo,3.7833,72.9667,28.77,74.0,98.0,7.81,MV,1656135256
393,harper,4.375,-7.7169,23.39,91.0,70.0,1.76,LR,1656135257
394,armidale,-30.5167,151.65,11.2,55.0,5.0,1.7,AU,1656135257
395,mehamn,71.0357,27.8492,10.97,62.0,100.0,2.06,NO,1656135258
396,nevsehir,38.9167,34.6667,15.56,59.0,20.0,2.57,TR,1656135259
397,pavullo nel frignano,44.3315,10.835,19.08,81.0,91.0,14.92,IT,1656135261
398,russell,32.3502,-85.1999,26.57,78.0,0.0,1.54,US,1656135262
399,coronado,32.6859,-117.1831,23.89,89.0,20.0,3.6,US,1656134967
400,priargunsk,50.3691,119.1012,25.96,40.0,86.0,2.02,RU,1656135263
401,mandalgovi,45.7625,106.2708,25.55,25.0,100.0,5.83,MN,1656135264
402,urengoy,65.9667,78.3667,27.13,36.0,40.0,4.98,RU,1656135265
403,taltal,-25.4,-70.4833,15.22,66.0,100.0,1.85,CL,1656135020
404,marrakesh,31.6315,-8.0083,18.04,72.0,20.0,2.06,MA,1656135266
405,guarapuava,-25.3953,-51.4581,11.07,96.0,8.0,0.36,BR,1656135220
406,richards bay,-28.783,32.0377,17.44,69.0,84.0,5.99,ZA,1656134972
407,quincy,42.2529,-71.0023,20.12,91.0,0.0,2.57,US,1656135268
408,egvekinot,66.3167,-179.1667,2.46,99.0,100.0,1.25,RU,1656135269
409,rabo de peixe,37.8,-25.5833,17.38,94.0,75.0,2.57,PT,1656135270
410,tabiauea,,,,,,,,
411,leningradskiy,69.3833,178.4167,4.4,83.0,99.0,3.33,RU,1656135271
412,ljungby,56.8332,13.9408,21.2,62.0,5.0,4.86,SE,1656135272
413,champerico,14.3,-91.9167,24.15,85.0,78.0,2.39,GT,1656135273
414,kitgum,3.2783,32.8867,21.21,82.0,5.0,1.46,UG,1656135274
415,sao miguel do iguacu,-25.3481,-54.2378,18.49,99.0,15.0,1.5,BR,1656135275
416,creel,27.75,-107.6333,14.7,77.0,72.0,2.16,MX,1656135275
417,mayor pablo lagerenza,-19.9309,-60.7718,13.74,75.0,5.0,4.86,PY,1656135276
418,teya,60.3778,92.6267,18.97,78.0,100.0,3.89,RU,1656135277
419,vanino,49.0869,140.2543,10.11,96.0,100.0,1.5,RU,1656135278
420,jabiru,,,,,,,,
421,mareeba,-17.0,145.4333,24.69,69.0,14.0,3.55,AU,1656135279
422,nago,26.5881,127.9761,32.24,76.0,100.0,3.36,JP,1656135280
423,mizan teferi,6.9833,35.5833,18.59,92.0,90.0,0.42,ET,1656135281
424,labuhan,-6.8844,112.2051,29.25,68.0,85.0,1.84,ID,1656135282
425,veraval,20.9,70.3667,31.19,67.0,42.0,3.52,IN,1656135283
426,mponela,-13.5319,33.7401,14.05,58.0,0.0,3.71,MW,1656135284
427,selikhino,50.3672,137.4996,12.42,97.0,100.0,5.52,RU,1656135285
428,ereymentau,51.6199,73.1033,32.47,29.0,46.0,5.79,KZ,1656135286
429,abu samrah,35.3029,37.1841,24.16,51.0,24.0,3.79,SY,1656135286
430,lukulu,-14.3707,23.242,12.51,54.0,0.0,2.95,ZM,1656135256
431,krasnoselkup,65.7,82.4667,24.54,46.0,90.0,2.8,RU,1656135288
432,marabba,12.35,32.1833,27.2,59.0,98.0,7.09,SD,1656135289
433,beringovskiy,63.05,179.3167,6.39,93.0,96.0,4.11,RU,1656135290
434,laguna,38.421,-121.4238,28.55,51.0,0.0,3.09,US,1656135291
435,dubai,25.2582,55.3047,36.14,44.0,3.0,2.57,AE,1656135136
436,san andres,12.5847,-81.7006,26.01,89.0,40.0,1.03,CO,1656135293
437,longyearbyen,78.2186,15.6401,6.91,39.0,0.0,5.66,SJ,1656135293
438,san patricio,28.017,-97.5169,28.94,80.0,0.0,5.23,US,1656135294
439,renukut,24.2,83.0333,35.18,42.0,81.0,2.06,IN,1656135295
440,sivaki,52.6333,126.75,28.75,31.0,10.0,4.88,RU,1656135296
441,roald,62.5833,6.1333,24.53,43.0,0.0,5.66,NO,1656135297
442,gazli,40.1333,63.45,39.64,11.0,0.0,1.98,UZ,1656135298
443,pocinhos,-7.0767,-36.0611,18.16,97.0,66.0,4.53,BR,1656135299
444,malwan,,,,,,,,
445,lufilufi,-13.8745,-171.5986,25.88,77.0,82.0,10.06,WS,1656135300
446,bonavista,48.6499,-53.1147,13.26,96.0,85.0,7.35,CA,1656135301
447,bocas del toro,9.3333,-82.25,23.79,89.0,100.0,3.84,PA,1656135164
448,constitucion,-35.3333,-72.4167,10.97,87.0,41.0,2.24,CL,1656135221
449,temuco,-38.7333,-72.6,5.87,89.0,77.0,1.8,CL,1656135255
450,leh,34.1667,77.5833,17.11,22.0,1.0,1.65,IN,1656135304
451,lavrentiya,65.5833,-171.0,6.19,89.0,100.0,3.26,RU,1656135305
452,laramie,41.3114,-105.5911,14.42,78.0,0.0,5.66,US,1656135161
453,jasper,37.2001,-94.3502,28.71,75.0,0.0,5.66,US,1656135015
454,nanortalik,60.1432,-45.2371,5.41,80.0,87.0,3.52,GL,1656135307
455,sokoto,13.0609,5.239,27.27,63.0,100.0,6.77,NG,1656135308
456,lexington,37.9887,-84.4777,24.0,52.0,0.0,4.12,US,1656135244
457,avigliano,40.7329,15.72,22.59,62.0,12.0,2.96,IT,1656135310
458,port macquarie,-31.4333,152.9167,19.38,59.0,3.0,2.62,AU,1656135085
459,barcelos,41.5388,-8.6151,14.4,87.0,67.0,2.37,PT,1656135311
460,amapa,1.0,-52.0,20.72,99.0,42.0,0.48,BR,1656135312
461,asau,46.4333,26.4,18.51,54.0,6.0,2.46,RO,1656135313
462,ust-ilimsk,58.0006,102.6619,21.49,55.0,76.0,5.46,RU,1656135314
463,kiama,-34.6833,150.8667,20.21,49.0,0.0,3.13,AU,1656135315
464,nachalovo,46.338,48.2013,26.96,39.0,0.0,3.0,RU,1656135316
465,lushunkou,,,,,,,,
466,coolum beach,-26.5333,153.1,21.79,48.0,0.0,1.82,AU,1656135317
467,muros,42.7762,-9.0603,15.09,95.0,98.0,3.93,ES,1656135318
468,port elizabeth,-33.918,25.5701,8.16,87.0,0.0,3.09,ZA,1656135300
469,bulaevo,54.9056,70.4439,21.01,75.0,100.0,2.11,KZ,1656135320
470,voka,59.3997,27.5817,19.13,70.0,7.0,0.47,EE,1656135321
471,tasbuget,,,,,,,,
472,lovozero,68.005,35.0117,15.37,59.0,43.0,1.16,RU,1656135322
473,maniwaki,46.3834,-75.966,17.21,88.0,61.0,0.51,CA,1656135323
474,sistranda,63.7256,8.834,20.98,86.0,13.0,2.7,NO,1656135324
475,marcona,,,,,,,,
476,magadan,59.5667,150.8,10.24,89.0,92.0,3.03,RU,1656135326
477,ilo,-17.6394,-71.3375,15.76,84.0,60.0,2.29,PE,1656135328
478,skoghall,59.3232,13.4655,21.31,56.0,9.0,3.09,SE,1656135328
479,rome,34.257,-85.1647,26.01,84.0,20.0,2.57,US,1656135076
480,meybod,32.2501,54.0166,35.01,7.0,0.0,2.42,IR,1656135330
481,zyryanovsk,49.7386,84.2719,24.38,57.0,0.0,1.06,KZ,1656135331
482,manzil tamim,,,,,,,,
483,phalaborwa,-23.943,31.1411,15.6,77.0,74.0,5.48,ZA,1656135332
484,moindou,-21.6924,165.677,23.83,79.0,69.0,4.92,NC,1656135333
485,garmsar,35.2182,52.3409,35.04,12.0,0.0,2.99,IR,1656135334
486,mongo,12.1844,18.693,28.85,58.0,79.0,4.76,TD,1656135335
487,mangochi,-14.4782,35.2645,19.84,61.0,3.0,3.24,MW,1656135336
488,san jose,37.3394,-121.895,22.6,69.0,0.0,4.12,US,1656135325
489,bambanglipuro,-7.95,110.2833,27.74,79.0,62.0,6.87,ID,1656135337
490,san-pedro,4.7485,-6.6363,23.66,90.0,80.0,0.72,CI,1656135338
491,blagoyevo,63.3667,47.9167,15.96,49.0,7.0,6.1,RU,1656135339
492,husavik,66.0449,-17.3389,4.66,89.0,95.0,6.55,IS,1656135340
493,shahdadkot,27.8477,67.9055,44.57,11.0,0.0,2.32,PK,1656135341
494,bilyayivka,46.4832,30.2168,20.93,63.0,56.0,5.84,UA,1656135341
495,mglin,53.0591,32.8475,20.37,69.0,51.0,2.94,RU,1656135342
496,toliary,,,,,,,,
497,khandyga,62.6667,135.6,28.66,26.0,23.0,1.15,RU,1656135344
498,pitkyaranta,61.5734,31.4792,16.7,75.0,46.0,2.58,RU,1656135345
499,acarau,-2.8856,-40.12,23.68,87.0,18.0,4.24,BR,1656135050
500,oltu,40.5498,42.0013,18.27,65.0,100.0,1.17,TR,1656135346
501,bohicon,7.1783,2.0667,21.96,97.0,97.0,1.52,BJ,1656135325
502,luwuk,-0.9516,122.7875,29.71,69.0,48.0,1.75,ID,1656135348
503,macaboboni,,,,,,,,
504,nha trang,12.25,109.1833,31.0,64.0,100.0,3.72,VN,1656135349
505,khani,41.9563,42.9566,13.76,72.0,99.0,1.72,GE,1656135350
506,ketchikan,55.3422,-131.6461,17.26,63.0,0.0,2.06,US,1656135351
507,fort nelson,58.8053,-122.7002,16.77,72.0,75.0,2.06,CA,1656135352
508,winnemucca,40.973,-117.7357,23.03,20.0,0.0,7.2,US,1656135353
509,gibara,21.1097,-76.1317,23.62,88.0,66.0,3.16,CU,1656135353
510,sobolevo,54.4299,31.8996,19.99,73.0,13.0,3.14,RU,1656135354
511,itupiranga,-5.1347,-49.3267,24.18,92.0,49.0,0.68,BR,1656135083
512,campbell river,50.0163,-125.2446,18.03,66.0,84.0,1.96,CA,1656135356
513,cheuskiny,,,,,,,,
514,huazhou,21.6333,110.5833,31.66,62.0,94.0,4.97,CN,1656135357
515,kemijarvi,66.7131,27.4306,20.39,51.0,8.0,0.72,FI,1656135358
516,zelenoborskiy,66.845,32.3622,14.67,67.0,27.0,0.55,RU,1656135359
517,teknaf,20.8624,92.3058,29.11,76.0,99.0,5.21,BD,1656135360
518,metro,-5.1131,105.3067,28.71,71.0,95.0,2.16,ID,1656135361
519,manaure,11.7751,-72.4445,27.57,67.0,100.0,5.95,CO,1656135361
520,sinkat,,,,,,,,
521,kupang,-10.1667,123.5833,27.72,63.0,88.0,7.23,ID,1656135363
522,ihtiman,42.4333,23.8167,15.34,56.0,51.0,2.07,BG,1656135364
523,smithers,54.7804,-127.1743,18.18,48.0,20.0,1.03,CA,1656135310
524,flagstaff,35.1981,-111.6513,18.81,58.0,0.0,0.0,US,1656135256
525,cohoes,42.7742,-73.7001,18.84,83.0,4.0,0.31,US,1656135366
526,la rochelle,46.1667,-1.15,15.04,94.0,75.0,2.57,FR,1656135367
527,gunjur,13.2019,-16.7339,24.04,94.0,40.0,2.06,GM,1656135369
528,kununurra,-15.7667,128.7333,30.99,19.0,2.0,5.14,AU,1656135369
529,sibolga,1.7427,98.7792,27.64,72.0,99.0,1.61,ID,1656135370
530,celestun,20.8667,-90.4,24.85,85.0,35.0,4.2,MX,1656135371
531,nadym,65.5333,72.5167,13.56,92.0,99.0,4.73,RU,1656135372
532,syracuse,37.0881,15.2792,23.77,45.0,5.0,1.28,IT,1656135319
533,temaraia,,,,,,,,
534,ajdabiya,30.7554,20.2263,30.33,26.0,0.0,2.62,LY,1656135375
535,palabuhanratu,,,,,,,,
536,dryden,49.7833,-92.7503,19.16,82.0,100.0,3.09,CA,1656135376
537,igede,10.0544,5.9416,22.27,94.0,90.0,1.94,NG,1656135378
538,pallasovka,50.05,46.8833,21.6,65.0,7.0,4.45,RU,1656135378
539,cochrane,51.1834,-114.4687,9.58,81.0,100.0,3.6,CA,1656135362
540,sarny,51.338,26.6019,20.96,68.0,35.0,2.76,UA,1656135380
541,saint-pierre,-21.3393,55.4781,21.82,46.0,0.0,2.57,RE,1656135381
542,kaeo,-35.1,173.7833,14.62,87.0,87.0,2.73,NZ,1656135382
543,hay river,60.8156,-115.7999,18.99,48.0,75.0,3.6,CA,1656135382
544,salto,-31.3833,-57.9667,9.93,93.0,100.0,2.68,UY,1656135086
545,bhimunipatnam,17.8833,83.4333,25.73,76.0,100.0,5.05,IN,1656135384
546,honningsvag,70.9821,25.9704,9.86,66.0,100.0,1.54,NO,1656135385
547,barabai,-2.5833,115.3833,29.47,82.0,53.0,0.09,ID,1656135387
548,abu kamal,34.4506,40.9171,33.18,21.0,22.0,3.75,SY,1656135388
549,puerto del rosario,28.5004,-13.8627,19.86,77.0,20.0,4.63,ES,1656135388
550,cockburn town,21.4612,-71.1419,27.39,75.0,9.0,7.45,TC,1656135389
551,birjand,32.8663,59.2211,35.26,8.0,0.0,0.0,IR,1656135390
552,wood river,38.8612,-90.0976,26.86,66.0,0.0,1.54,US,1656135391
553,linhai,28.85,121.1167,34.96,53.0,95.0,1.43,CN,1656135392
554,changde,29.0464,111.6783,35.52,54.0,69.0,5.68,CN,1656135393
555,severo-kurilsk,50.6789,156.125,9.62,93.0,100.0,4.97,RU,1656135393
556,male,4.1748,73.5089,29.97,74.0,40.0,8.75,MV,1656135369
557,payo,-3.7508,103.6372,28.68,77.0,49.0,1.69,ID,1656135396
558,gat,31.61,34.7642,29.11,15.0,0.0,6.76,IL,1656135397
559,zeya,53.75,127.2667,29.85,28.0,6.0,4.7,RU,1656135398
560,zabol,32.25,67.25,31.08,12.0,0.0,3.13,AF,1656135399
561,khorixas,-20.3667,14.9667,9.77,30.0,0.0,5.23,NA,1656135400
562,susehri,40.1644,38.0867,16.4,67.0,100.0,0.44,TR,1656135401
563,derzhavinsk,51.1,66.3167,34.91,21.0,63.0,10.53,KZ,1656135402
564,wawa,9.9022,4.4192,22.77,89.0,100.0,1.86,NG,1656135403
565,moron,-34.6534,-58.6198,6.86,82.0,89.0,2.6,AR,1656135404
566,gravdal,68.1214,13.5031,11.81,85.0,13.0,4.47,NO,1656135405
567,rawson,-43.3002,-65.1023,1.16,78.0,5.0,4.94,AR,1656135406
568,pitimbu,-7.4706,-34.8086,21.33,80.0,54.0,4.85,BR,1656135408
569,gazni,,,,,,,,
570,bahia blanca,-38.7196,-62.2724,-0.71,100.0,100.0,2.57,AR,1656135410
571,pahrump,36.2083,-115.9839,30.14,16.0,0.0,0.89,US,1656135213
572,trairi,-3.2778,-39.2689,22.12,95.0,44.0,2.62,BR,1656135412
573,loandjili,-4.7561,11.8578,22.06,94.0,20.0,0.51,CG,1656135413
574,coihaique,-45.5752,-72.0662,-7.03,86.0,0.0,1.03,CL,1656135120
575,ostrovnoy,68.0531,39.5131,8.54,80.0,53.0,4.19,RU,1656135415
